{"cameraMode":{"drawMode":0,"name":"Shaded","section":"Shading Mode"},"sceneLighting":true,"audioPlay":false,"sceneViewState":{"m_AlwaysRefresh":false,"showFog":true,"showSkybox":true,"showFlares":true,"showImageEffects":true,"showParticleSystems":true,"showVisualEffectGraphs":true,"m_FxEnabled":true},"in2DMode":false,"pivot":{"x":203.91732788085938,"y":328.6059875488281,"z":422.83172607421877},"rotation":{"x":0.006691664457321167,"y":0.9064958095550537,"z":-0.42223334312438967,"w":0.01516224630177021},"size":190.29244995117188,"orthographic":false}